"","cutoff","omega","p_omega"
"1",5,0,1
"2",6,0,1
"3",7,0,1
"4",8,0,1
"5",9,0,1
"6",10,0,1
"7",11,0,1
"8",12,0,1
"9",13,0,1
"10",14,0,1
"11",15,0,1
"12",16,532.869695639772,0.436666666666667
"13",17,532.869695639772,0.466666666666667
"14",18,1096.33180986575,0.293333333333333
"15",19,1046.30259857,0.35
"16",20,1603.02989267651,0.273333333333333
"17",21,1603.02989267651,0.316666666666667
"18",22,1603.02989267651,0.346666666666667
"19",23,1603.02989267651,0.383333333333333
"20",24,1595.40303289223,0.47
"21",25,2058.51641202242,0.35
"22",26,2021.769037054,0.423333333333333
"23",27,3112.18147487152,0.276666666666667
"24",28,3112.18147487152,0.303333333333333
"25",29,4829.29342992288,0.18
"26",30,4829.29342992288,0.22
"27",31,4829.29342992288,0.236666666666667
"28",32,7582.26655796166,0.09
"29",33,8020.32497932654,0.0666666666666667
"30",34,8020.11583471139,0.0733333333333333
"31",35,10653.5773936525,0.0266666666666667
"32",36,10649.8393210793,0.0266666666666667
"33",37,10649.8393210793,0.03
"34",38,14271.9048138619,0
"35",39,14159.6170898933,0
"36",40,13863.5448349049,0.00666666666666667
"37",41,14907.0926746236,0.01
"38",42,14905.9776007642,0.0166666666666667
"39",43,14905.6837023351,0.0133333333333333
"40",44,15352.1563573979,0.0166666666666667
"41",45,15352.1563573979,0.0166666666666667
"42",46,19961.0951273652,0.00666666666666667
"43",47,23513.1627150183,0
"44",48,23439.0764694864,0
"45",49,23418.602833696,0.00333333333333333
"46",50,23417.8209227375,0.00333333333333333
"47",51,27418.2865789152,0
"48",52,29368.6776479851,0
"49",53,29368.6776479851,0
"50",54,29355.7488753441,0
"51",55,29355.3628187699,0
"52",56,29355.3628187699,0
"53",57,29783.8333341829,0
"54",58,36589.7477300228,0
"55",59,37499.4254216981,0
"56",60,41857.8422906457,0
"57",61,47734.4380748577,0
"58",62,47545.2824583957,0
"59",63,47545.2824583957,0
"60",64,53927.2204170301,0
"61",65,59974.2173735151,0
"62",66,63367.1067308254,0
"63",67,63367.0606401539,0
"64",68,72100.856842169,0
"65",69,80550.9097537938,0
"66",70,81388.3142419706,0
"67",71,81384.8414105222,0
"68",72,82535.4241077817,0
"69",73,82534.9366606041,0
"70",74,90119.4335884361,0
"71",75,90115.0782949535,0
"72",76,90114.6874463406,0
"73",77,90114.6874463406,0
"74",78,91500.7001152135,0
"75",79,99723.6515054526,0
"76",80,99723.6515054526,0
"77",81,99723.6515054526,0
"78",82,99723.4148528409,0
"79",83,101084.081578302,0
"80",84,104859.821645991,0
"81",85,104859.821645991,0
"82",86,105271.191480908,0
"83",87,115728.273790095,0
"84",88,124749.85196496,0
"85",89,126388.353042694,0
"86",90,126235.777444377,0
"87",91,132442.429166116,0
"88",92,133294.12494748,0
"89",93,132911.764787891,0
"90",94,142444.136209905,0
"91",95,143640.148928563,0
"92",96,143619.752907009,0
"93",97,143396.37252253,0
"94",98,156697.789679018,0
"95",99,158361.124446266,0
"96",100,167239.938946522,0
"97",101,169426.563487572,0
"98",102,182595.646961421,0
"99",103,182594.894741681,0
"100",104,183345.427022706,0
"101",105,188711.85884429,0
"102",106,188711.85884429,0
"103",107,188705.468336225,0
"104",108,188347.543720294,0
"105",109,191387.455602375,0
"106",110,191387.277911668,0
"107",111,191376.619998451,0
"108",112,191371.361224767,0
"109",113,203815.981512541,0
"110",114,203815.654040775,0
"111",115,204029.671863901,0
"112",116,205246.24221493,0
"113",117,205245.559053633,0
"114",118,205244.852069315,0
"115",119,216961.350207184,0
"116",120,216960.34148088,0
"117",121,217864.759536506,0
"118",122,219009.461882966,0
"119",123,219008.472706236,0
"120",124,218024.90347027,0
"121",125,217484.738927476,0
"122",126,232543.24113404,0
"123",127,237300.675307058,0
"124",128,238420.802266184,0
"125",129,239741.412573447,0
"126",130,239741.412573447,0
"127",131,250040.470071473,0
"128",132,257853.94575496,0
"129",133,272533.234049718,0
"130",134,271829.877056376,0
"131",135,283941.143466431,0
"132",136,298814.75959291,0
"133",137,297725.265046908,0
"134",138,304904.982732786,0
"135",139,306378.411404446,0
"136",140,324863.114085863,0
"137",141,327439.935386592,0
"138",142,343049.142430289,0
"139",143,351351.99386646,0
"140",144,352372.947550582,0
"141",145,370092.257298066,0
"142",146,386183.957733873,0
"143",147,390268.458092796,0
"144",148,404522.999377362,0
"145",149,404522.285531613,0
"146",150,421536.690721112,0
"147",151,421033.873837497,0
"148",152,437983.375471332,0
"149",153,437967.121815716,0
"150",154,441512.230558284,0
"151",155,441512.230558284,0
"152",156,449354.956805759,0
"153",157,449353.114321189,0
"154",158,449353.114321189,0
"155",159,445761.429015636,0
"156",160,445759.285672767,0
"157",161,445759.125882235,0
"158",162,455534.146806175,0
"159",163,455520.809026091,0
"160",164,455520.752654064,0
"161",165,457219.084904592,0
"162",166,459869.847737852,0
"163",167,474109.624533065,0
"164",168,477128.587171021,0
"165",169,497427.067217772,0
"166",170,497426.470343791,0
"167",171,497426.039999057,0
"168",172,500613.708654433,0
"169",173,500608.543659484,0
"170",174,500594.947168501,0
"171",175,500587.979562812,0
"172",176,500987.901078602,0
"173",177,500987.693593473,0
"174",178,500986.144943526,0
"175",179,518317.211955792,0
"176",180,541916.674011962,0
"177",181,544335.259249417,0
"178",182,544660.588421577,0
"179",183,544660.023570885,0
"180",184,544659.488354277,0
"181",185,558676.209085457,0
"182",186,559511.426859903,0
"183",187,560843.870959244,0
"184",188,560841.694317228,0
"185",189,560841.694317228,0
"186",190,561172.927250457,0
"187",191,561563.478559695,0
"188",192,561563.198705023,0
"189",193,561543.806181404,0
"190",194,561542.823513238,0
"191",195,561863.137087926,0
"192",196,561150.262499024,0
"193",197,560567.503375525,0
"194",198,566706.566573725,0
"195",199,567408.793534037,0
"196",200,572621.906771352,0
"197",201,572621.906771352,0
"198",202,571859.066535904,0
"199",203,572581.193391131,0
"200",204,572565.863790701,0
"201",205,574293.749856457,0
"202",206,575758.757622658,0
"203",207,575758.14588854,0
"204",208,575746.960603562,0
"205",209,578426.363916899,0
"206",210,577232.609361082,0
"207",211,577631.314927795,0
"208",212,576132.319893079,0
"209",213,576464.326283179,0
"210",214,585394.196993574,0
"211",215,585787.647108779,0
"212",216,585784.804365573,0
"213",217,585784.744908658,0
"214",218,584662.867994571,0
"215",219,585058.224194072,0
"216",220,585363.637339593,0
"217",221,585363.283493757,0
"218",222,585352.949772302,0
"219",223,585350.573903379,0
"220",224,586347.088472602,0
"221",225,584708.437290911,0
"222",226,606137.983274064,0
"223",227,606127.58196509,0
"224",228,606428.66594126,0
"225",229,607415.436790661,0
"226",230,607668.548803293,0
"227",231,607665.110078511,0
"228",232,606933.300908799,0
"229",233,602772.840592634,0
"230",234,602770.165962248,0
"231",235,602769.243117655,0
"232",236,607573.212611507,0
"233",237,607921.136963652,0
"234",238,607920.053203155,0
"235",239,608218.09109904,0
"236",240,618947.280784594,0
"237",241,633429.01640503,0
"238",242,632493.758502555,0
"239",243,632431.845836653,0
"240",244,632715.044407538,0
"241",245,633960.151109366,0
"242",246,632969.965390086,0
"243",247,632956.111394162,0
"244",248,632941.726733784,0
"245",249,632941.245674617,0
"246",250,633520.600363681,0
"247",251,634756.583312474,0
"248",252,634755.027573124,0
"249",253,639926.319941601,0
"250",254,660562.626891674,0
"251",255,661171.361333527,0
"252",256,686191.776753566,0
"253",257,703301.168454822,0
"254",258,702245.873127589,0
"255",259,698956.908790127,0
"256",260,699231.32380713,0
"257",261,719484.093415797,0
"258",262,719482.35294179,0
"259",263,719094.300342409,0
"260",264,720173.848734547,0
"261",265,720134.290761761,0
"262",266,720134.290761761,0
"263",267,717810.317768414,0
"264",268,718712.145672813,0
"265",269,718664.717699324,0
"266",270,718610.888511545,0
"267",271,718609.396493689,0
"268",272,718126.854306093,0
"269",273,728398.828390208,0
"270",274,730295.048545939,0
"271",275,730294.350755747,0
"272",276,730292.959391113,0
"273",277,730289.335549684,0
"274",278,730276.067186494,0
"275",279,730276.067186494,0
"276",280,730276.067186494,0
"277",281,730258.217917697,0
"278",282,730537.894048584,0
"279",283,730533.961144577,0
"280",284,730526.655528921,0
"281",285,755422.13705689,0
"282",286,770461.58454267,0
"283",287,770461.150493148,0
"284",288,773497.12187742,0
"285",289,773768.084297974,0
"286",290,773767.822791845,0
"287",291,773741.369451435,0
"288",292,773741.369451435,0
"289",293,774352.010775077,0
"290",294,774351.813083822,0
"291",295,777759.724175309,0
"292",296,777751.999715635,0
"293",297,777696.024603531,0
"294",298,777224.525031073,0
"295",299,777220.139508513,0
"296",300,777182.927282602,0
"297",301,778487.359405948,0
"298",302,778484.859179412,0
"299",303,778776.24305075,0
"300",304,778774.356783123,0
"301",305,778771.570952925,0
"302",306,778770.308086904,0
"303",307,777090.74449559,0
"304",308,777392.695214119,0
"305",309,779389.713355083,0
"306",310,786181.74533715,0
"307",311,798169.202728471,0
"308",312,798419.626474496,0
"309",313,798998.448222508,0
"310",314,799304.346000088,0
"311",315,799002.670661064,0
"312",316,799002.670661064,0
"313",317,799000.582869436,0
"314",318,799254.047170264,0
"315",319,807608.784439415,0
"316",320,807961.287531391,0
"317",321,807960.620979063,0
"318",322,807387.008726973,0
"319",323,807373.499953905,0
"320",324,809880.318424753,0
"321",325,809872.909353221,0
"322",326,809865.042431548,0
"323",327,810441.705276842,0
"324",328,810713.559032904,0
"325",329,815154.672042346,0
"326",330,815105.192863388,0
"327",331,838989.984985897,0
"328",332,840425.657590199,0
"329",333,840414.310973899,0
"330",334,840414.072508083,0
"331",335,840406.367706773,0
"332",336,840457.507071801,0
"333",337,840734.163550179,0
"334",338,844735.107685131,0
"335",339,845325.414687863,0
"336",340,845280.878786574,0
"337",341,866821.600301556,0
"338",342,866813.882589825,0
"339",343,866801.862911851,0
"340",344,868232.414709066,0
"341",345,869912.610255101,0
"342",346,870461.848087345,0
"343",347,870160.365297044,0
"344",348,870538.637904929,0
"345",349,882625.13943727,0
"346",350,882625.133993664,0
"347",351,898900.592154192,0
"348",352,901237.435714055,0
"349",353,901235.152295097,0
"350",354,901795.059793908,0
"351",355,901793.552627249,0
"352",356,900293.142677562,0
"353",357,900541.988931059,0
"354",358,901933.763847116,0
"355",359,902320.887691512,0
"356",360,902270.479782023,0
"357",361,902270.479782023,0
"358",362,906384.904553908,0
"359",363,905110.336320077,0
"360",364,905109.293548054,0
"361",365,905108.316611867,0
"362",366,904025.585908278,0
"363",367,904010.533420783,0
"364",368,904010.533420783,0
"365",369,904547.543922313,0
"366",370,904007.978453221,0
"367",371,904006.654580421,0
"368",372,904004.835950738,0
"369",373,903540.075480951,0
"370",374,902960.71992953,0
"371",375,902930.734125104,0
"372",376,902923.026805787,0
"373",377,905812.341800237,0
"374",378,905811.808056848,0
"375",379,906102.769667883,0
"376",380,918249.094868673,0
"377",381,918249.068453685,0
"378",382,918184.878258779,0
"379",383,918051.575865731,0
"380",384,918049.686141643,0
"381",385,918048.564284764,0
"382",386,918953.193588405,0
"383",387,919844.507577288,0
"384",388,919815.771328618,0
"385",389,919787.79983022,0
"386",390,920028.30999775,0
"387",391,920028.30999775,0
"388",392,919522.178874289,0
"389",393,919500.520955758,0
"390",394,932756.199816627,0
"391",395,932749.084407125,0
"392",396,941212.997637156,0
"393",397,941640.73357466,0
"394",398,941563.831635715,0
"395",399,941555.522974669,0
"396",400,941489.446545696,0
"397",401,941475.684760503,0
"398",402,941370.536251665,0
"399",403,941060.212063834,0
"400",404,948700.107516194,0
"401",405,949182.09595504,0
"402",406,965105.132470754,0
"403",407,964527.059868788,0
"404",408,964391.697732972,0
"405",409,964630.340126064,0
"406",410,971856.04946284,0
"407",411,971856.04946284,0
"408",412,971846.528838751,0
"409",413,972228.757614726,0
"410",414,972164.789769854,0
"411",415,970024.956593281,0
"412",416,971062.816154552,0
"413",417,973397.678242464,0
"414",418,973360.71829822,0
"415",419,973612.680567996,0
"416",420,973606.095745438,0
"417",421,973060.056910231,0
"418",422,973057.548076233,0
"419",423,973054.161923776,0
"420",424,990718.564380284,0
"421",425,989570.796798356,0
"422",426,986174.647695071,0
"423",427,986394.001314737,0
"424",428,997471.674182695,0
"425",429,997462.5346373,0
"426",430,1017567.80112454,0
"427",431,1021436.60784048,0
"428",432,1021088.33363615,0
"429",433,1021083.232993,0
"430",434,1021811.95979735,0
"431",435,1021797.1216743,0
"432",436,1020823.53817575,0
"433",437,1023735.03162017,0
"434",438,1023649.8377601,0
"435",439,1023868.20264177,0
"436",440,1024132.46617116,0
"437",441,1024074.06104906,0
"438",442,1024073.90350553,0
"439",443,1024003.41739688,0
"440",444,1023080.42542366,0
"441",445,1023422.7616041,0
"442",446,1024548.11756601,0
"443",447,1024547.57135976,0
"444",448,1025472.01144503,0
"445",449,1024107.59846133,0
"446",450,1026987.1329111,0
"447",451,1026639.86900977,0
"448",452,1026827.02719922,0
"449",453,1029847.92630949,0
"450",454,1029842.80679854,0
"451",455,1027715.6815935,0
"452",456,1027702.94442141,0
"453",457,1050815.64216662,0
"454",458,1050897.68056304,0
"455",459,1051145.96811518,0
"456",460,1051083.70952548,0
"457",461,1051082.52709404,0
"458",462,1052248.4133457,0
"459",463,1054217.32708292,0
"460",464,1054198.16346691,0
"461",465,1066903.29255809,0
"462",466,1067073.64107141,0
"463",467,1067051.80180397,0
"464",468,1071850.71677947,0
"465",469,1072708.50269401,0
"466",470,1072703.67039731,0
"467",471,1070602.86434725,0
"468",472,1070865.92366323,0
"469",473,1070865.92366323,0
"470",474,1072290.52321847,0
"471",475,1074467.1205409,0
"472",476,1078212.37830831,0
"473",477,1078190.70813489,0
"474",478,1078420.55978821,0
"475",479,1078355.8929872,0
"476",480,1079481.53241332,0
"477",481,1080361.62568212,0
"478",482,1080357.36845167,0
"479",483,1081545.78728113,0
"480",484,1086519.4326544,0
"481",485,1085487.37669035,0
"482",486,1097970.83092383,0
"483",487,1098186.71183814,0
"484",488,1098412.22951284,0
"485",489,1098389.96111241,0
"486",490,1100772.59097429,0
"487",491,1099619.34638002,0
"488",492,1099582.63666314,0
"489",493,1102312.62266328,0
"490",494,1102308.4159569,0
"491",495,1100733.43528614,0
"492",496,1100733.04838689,0
"493",497,1100722.29207444,0
"494",498,1100706.92895316,0
"495",499,1100691.19636398,0
"496",500,1101277.72676654,0
"497",501,1101277.59936613,0
"498",502,1101258.30896479,0
"499",503,1101232.36939054,0
"500",504,1101188.27449036,0
"501",505,1101187.72927997,0
"502",506,1099247.89386477,0
"503",507,1099596.60992958,0
"504",508,1099593.6476901,0
"505",509,1101536.3812931,0
"506",510,1101753.15927983,0
"507",511,1103184.332704,0
"508",512,1103397.69513275,0
"509",513,1104140.24435699,0
"510",514,1103622.4114646,0
"511",515,1103621.74370329,0
"512",516,1103831.39192752,0
"513",517,1104113.39953412,0
"514",518,1104094.83266944,0
"515",519,1104844.07468852,0
"516",520,1106224.04774894,0
"517",521,1107422.81121657,0
"518",522,1108551.9423274,0
"519",523,1108931.503116,0
"520",524,1108930.84654245,0
"521",525,1110287.31140903,0
"522",526,1123825.66679573,0
"523",527,1125245.28346349,0
"524",528,1125244.57696639,0
"525",529,1125437.11913067,0
"526",530,1125430.10966179,0
"527",531,1125416.92422727,0
"528",532,1125414.6473515,0
"529",533,1124537.42587848,0
"530",534,1129472.08578042,0
"531",535,1129000.05456607,0
"532",536,1128214.20310758,0
"533",537,1128404.10447557,0
"534",538,1129799.19256516,0
"535",539,1129793.09446281,0
"536",540,1129792.57047813,0
"537",541,1129413.93079657,0
"538",542,1129295.38066248,0
"539",543,1129420.01341337,0
"540",544,1128980.15997929,0
"541",545,1126915.17397797,0
"542",546,1126895.70998204,0
"543",547,1132013.15715754,0
"544",548,1132209.62285369,0
"545",549,1132204.9326812,0
"546",550,1131912.04411329,0
"547",551,1134643.32477047,0
"548",552,1135729.91345715,0
"549",553,1132449.60641415,0
"550",554,1132448.82051812,0
"551",555,1134262.98349116,0
"552",556,1134708.89294255,0
"553",557,1134906.37941318,0
"554",558,1134886.92240296,0
"555",559,1135035.23481073,0
"556",560,1135029.92997691,0
"557",561,1134992.54267655,0
"558",562,1137087.48564679,0
"559",563,1137051.00106776,0
"560",564,1137431.93947427,0
"561",565,1137425.88036006,0
"562",566,1137415.92839619,0
"563",567,1137413.18138158,0
"564",568,1137404.5976252,0
"565",569,1135353.98843129,0
"566",570,1135550.74848199,0
"567",571,1136068.13129725,0
"568",572,1133790.49251869,0
"569",573,1136683.99840543,0
"570",574,1136328.7755434,0
"571",575,1136305.55646698,0
"572",576,1132899.78133072,0
"573",577,1132861.8133504,0
"574",578,1132859.84425681,0
"575",579,1137402.97710884,0
"576",580,1138421.15244948,0
"577",581,1139163.62945991,0
"578",582,1139425.8633095,0
"579",583,1139411.72747363,0
"580",584,1140782.28212074,0
"581",585,1140881.85375587,0
"582",586,1141360.27951538,0
"583",587,1142394.06776619,0
"584",588,1142348.36716017,0
"585",589,1142345.33125633,0
"586",590,1142568.5474211,0
"587",591,1154465.10806153,0
"588",592,1162793.88986831,0
"589",593,1162946.14053626,0
"590",594,1164166.47234021,0
"591",595,1173649.82770999,0
"592",596,1173647.42331182,0
"593",597,1173647.42331182,0
"594",598,1173826.97966647,0
"595",599,1173822.59059284,0
"596",600,1173794.44082039,0
"597",601,1173777.00710885,0
"598",602,1175198.8345694,0
"599",603,1175401.2697578,0
"600",604,1175395.63743717,0
"601",605,1183745.83335569,0
"602",606,1183743.79755641,0
"603",607,1186483.41671806,0
"604",608,1186760.51984548,0
"605",609,1188870.56099391,0
"606",610,1189073.81990511,0
"607",611,1189070.30807908,0
"608",612,1189069.56197247,0
"609",613,1189059.03054498,0
"610",614,1194073.23148094,0
"611",615,1193673.12560526,0
"612",616,1191451.46765236,0
"613",617,1196598.32652419,0
"614",618,1198879.41821128,0
"615",619,1199303.25024382,0
"616",620,1199302.65853203,0
"617",621,1200131.08381991,0
"618",622,1200535.10504364,0
"619",623,1200721.88088251,0
"620",624,1200993.83376091,0
"621",625,1200993.43818011,0
"622",626,1201772.95018684,0
"623",627,1202361.60826806,0
"624",628,1202525.56035476,0
"625",629,1200296.73209692,0
"626",630,1200200.04039695,0
"627",631,1200143.33164693,0
"628",632,1203170.66964087,0
"629",633,1204254.23664504,0
"630",634,1204457.25652138,0
"631",635,1204447.11963982,0
"632",636,1203067.2182425,0
"633",637,1203633.46456069,0
"634",638,1202712.83183978,0
"635",639,1203110.05338913,0
"636",640,1203109.3588264,0
"637",641,1203601.34530438,0
"638",642,1205081.63044729,0
"639",643,1205006.23301578,0
"640",644,1206912.52851474,0
"641",645,1208122.0219469,0
"642",646,1211155.53071704,0
"643",647,1211551.87333621,0
"644",648,1212430.6559142,0
"645",649,1212610.1513511,0
"646",650,1217667.50882882,0
"647",651,1218634.43643841,0
"648",652,1219058.51104189,0
"649",653,1220146.02861336,0
"650",654,1220755.05196276,0
"651",655,1221855.53547236,0
"652",656,1222029.12780974,0
"653",657,1222520.38951028,0
"654",658,1223815.71060423,0
"655",659,1224410.81804162,0
"656",660,1227400.20280154,0
"657",661,1227598.72927502,0
"658",662,1230198.60355404,0
"659",663,1230198.29883899,0
"660",664,1241127.05874318,0
"661",665,1240996.65235395,0
"662",666,1247928.97335178,0
"663",667,1249156.60708435,0
"664",668,1249156.60708435,0
"665",669,1250056.73174996,0
"666",670,1250056.25458836,0
"667",671,1250268.59506517,0
"668",672,1250430.19477686,0
"669",673,1254606.64571459,0
"670",674,1254990.39632769,0
"671",675,1255190.73044109,0
"672",676,1255180.0433001,0
"673",677,1258817.09760716,0
"674",678,1258103.96296767,0
"675",679,1258087.33823971,0
"676",680,1256310.57139854,0
"677",681,1256477.37588366,0
"678",682,1257565.38641594,0
"679",683,1257565.38641594,0
"680",684,1257721.67001432,0
"681",685,1261224.68740534,0
"682",686,1261133.77098084,0
"683",687,1261106.49858385,0
"684",688,1263435.45201687,0
"685",689,1264520.44392107,0
"686",690,1264476.05297133,0
"687",691,1264708.14563365,0
"688",692,1268015.41403519,0
"689",693,1268414.62246799,0
"690",694,1268412.85783129,0
"691",695,1268177.80407938,0
"692",696,1268117.71923918,0
"693",697,1268268.9654909,0
"694",698,1267684.62595769,0
"695",699,1267677.13495225,0
"696",700,1269199.67420362,0
"697",701,1269406.12177643,0
"698",702,1269852.02613324,0
"699",703,1270920.98565325,0
"700",704,1282358.98765147,0
"701",705,1282353.89822908,0
"702",706,1282729.8444345,0
"703",707,1280567.40241303,0
"704",708,1279041.46698809,0
"705",709,1279024.53128204,0
"706",710,1281401.29977344,0
"707",711,1283281.66378486,0
"708",712,1283252.9413975,0
"709",713,1286956.44606206,0
"710",714,1287976.42956698,0
"711",715,1288848.37056011,0
"712",716,1288203.43517607,0
"713",717,1288203.43517607,0
"714",718,1288203.35070362,0
"715",719,1295762.43764926,0
"716",720,1296109.02565319,0
"717",721,1296432.12513164,0
"718",722,1296762.75087321,0
"719",723,1296754.46744163,0
"720",724,1296753.26828977,0
"721",725,1297491.62830326,0
"722",726,1298738.59513847,0
"723",727,1299618.17556036,0
"724",728,1299759.35240641,0
"725",729,1300333.83154278,0
"726",730,1301949.00002629,0
"727",731,1301942.78100957,0
"728",732,1300060.71357027,0
"729",733,1300228.86076951,0
"730",734,1300304.02907563,0
"731",735,1300300.97829028,0
"732",736,1300470.95477594,0
"733",737,1300469.4659266,0
"734",738,1300448.17776707,0
"735",739,1300860.4210866,0
"736",740,1301024.08484819,0
"737",741,1303914.37478315,0
"738",742,1304102.58933273,0
"739",743,1304029.13797701,0
"740",744,1305526.62862053,0
"741",745,1306818.02493971,0
"742",746,1310482.85320108,0
"743",747,1310464.89793713,0
"744",748,1310040.5138633,0
"745",749,1310940.62701937,0
"746",750,1312750.4011349,0
"747",751,1312921.46354993,0
"748",752,1313535.560042,0
"749",753,1313170.30954642,0
"750",754,1314234.48424153,0
"751",755,1314228.39128278,0
"752",756,1313017.90252787,0
"753",757,1312961.55832173,0
"754",758,1318245.73501275,0
"755",759,1321039.72251858,0
"756",760,1323161.12768286,0
"757",761,1323336.5635022,0
"758",762,1323317.88510363,0
"759",763,1323310.02916632,0
"760",764,1323260.80188865,0
"761",765,1323260.73396763,0
"762",766,1323419.65974947,0
"763",767,1324183.89530064,0
"764",768,1324183.4334357,0
"765",769,1324183.17646639,0
"766",770,1334870.17140216,0
"767",771,1350489.44623898,0
"768",772,1350451.86836482,0
"769",773,1349986.08773481,0
"770",774,1349963.79302462,0
"771",775,1350116.1362613,0
"772",776,1350013.42547024,0
"773",777,1350194.91093372,0
"774",778,1350560.45778753,0
"775",779,1351830.42290199,0
"776",780,1352046.62996102,0
"777",781,1352787.9127874,0
"778",782,1353237.29064652,0
"779",783,1355856.83901022,0
"780",784,1355853.64785212,0
"781",785,1355987.12390004,0
"782",786,1357096.77270377,0
"783",787,1362310.48587029,0
"784",788,1362684.51874929,0
"785",789,1362668.19210427,0
"786",790,1362641.66192459,0
"787",791,1363555.31946633,0
"788",792,1366573.89013106,0
"789",793,1381529.54285487,0
"790",794,1382479.42827864,0
"791",795,1382454.10771873,0
"792",796,1382435.88317608,0
"793",797,1382620.37735165,0
"794",798,1382787.65318981,0
"795",799,1383151.50400101,0
"796",800,1383138.56973503,0
"797",801,1382991.12183737,0
"798",802,1382976.13913355,0
"799",803,1382976.13913355,0
"800",804,1383372.80538782,0
"801",805,1383206.55543423,0
"802",806,1384997.03625151,0
"803",807,1388834.1414647,0
"804",808,1398463.0317739,0
"805",809,1398798.02470261,0
"806",810,1398790.58916282,0
"807",811,1398782.96267927,0
"808",812,1398936.29638538,0
"809",813,1399073.73849214,0
"810",814,1399303.87133728,0
"811",815,1399301.54960161,0
"812",816,1401317.3552975,0
"813",817,1401315.62693413,0
"814",818,1401308.0033768,0
"815",819,1401224.06984245,0
"816",820,1401199.20076915,0
"817",821,1400904.53659162,0
"818",822,1412041.21003847,0
"819",823,1413796.68211489,0
"820",824,1414610.94061027,0
"821",825,1415684.89848054,0
"822",826,1415136.39515248,0
"823",827,1418289.75486486,0
"824",828,1421010.8663657,0
"825",829,1433906.84695331,0
"826",830,1433875.80272199,0
"827",831,1433832.72039746,0
"828",832,1433659.13920854,0
"829",833,1433421.8759242,0
"830",834,1433741.50171358,0
"831",835,1435030.50659262,0
"832",836,1434858.51845193,0
"833",837,1435016.42126748,0
"834",838,1436526.07326296,0
"835",839,1437185.17840423,0
"836",840,1437307.08886555,0
"837",841,1438705.47722296,0
"838",842,1439211.00224041,0
"839",843,1439160.90143159,0
"840",844,1439343.68286513,0
"841",845,1439342.64132983,0
"842",846,1453475.13764183,0
"843",847,1453456.41412132,0
"844",848,1453455.57846471,0
"845",849,1453690.23355842,0
"846",850,1457570.52992907,0
"847",851,1457559.21880296,0
"848",852,1459235.94481413,0
"849",853,1459227.84938934,0
"850",854,1457469.39599825,0
"851",855,1457466.38360277,0
"852",856,1456278.3407681,0
"853",857,1456325.93117213,0
"854",858,1456846.27219246,0
"855",859,1456839.92162233,0
"856",860,1456830.28208323,0
"857",861,1456829.215403,0
"858",862,1456927.46533811,0
"859",863,1459839.29626003,0
"860",864,1459831.79007612,0
"861",865,1459658.59628415,0
"862",866,1459325.30503631,0
"863",867,1459870.56976619,0
"864",868,1458558.81234229,0
"865",869,1458962.85218079,0
"866",870,1458958.19469561,0
"867",871,1464299.4712601,0
"868",872,1464666.44055437,0
"869",873,1464191.28098104,0
"870",874,1464188.11599366,0
"871",875,1464186.50671224,0
"872",876,1464421.35326683,0
"873",877,1468711.00568136,0
"874",878,1469845.60859204,0
"875",879,1469832.39336556,0
"876",880,1471290.56409465,0
"877",881,1473219.02101185,0
"878",882,1473246.72705155,0
"879",883,1474961.41268872,0
"880",884,1480391.48550894,0
"881",885,1480384.24993915,0
"882",886,1480552.61903605,0
"883",887,1480543.54907398,0
"884",888,1481939.16733366,0
"885",889,1479823.50966226,0
"886",890,1478868.52309915,0
"887",891,1479261.96013171,0
"888",892,1479261.95684411,0
"889",893,1479749.26800843,0
"890",894,1484596.07019684,0
"891",895,1486261.26366137,0
"892",896,1486248.44596256,0
"893",897,1487220.62893624,0
"894",898,1490468.56165812,0
"895",899,1496658.93391155,0
"896",900,1496958.25206414,0
"897",901,1498236.22654813,0
"898",902,1498233.04144382,0
"899",903,1498214.44071472,0
"900",904,1499084.38870403,0
"901",905,1499081.64182259,0
"902",906,1499888.51667165,0
"903",907,1499887.55244472,0
"904",908,1502307.43240961,0
"905",909,1505206.78187907,0
"906",910,1520563.34871101,0
"907",911,1519462.95375178,0
"908",912,1519871.38838113,0
"909",913,1520306.42047927,0
"910",914,1525768.59729715,0
"911",915,1525697.20589355,0
"912",916,1526718.07908336,0
"913",917,1526716.53463252,0
"914",918,1532796.61123726,0
"915",919,1532794.78002948,0
"916",920,1532790.42738801,0
"917",921,1532788.37390567,0
"918",922,1532766.83758108,0
"919",923,1532756.9899232,0
"920",924,1532905.78730556,0
"921",925,1533392.72436847,0
"922",926,1533951.23948321,0
"923",927,1541752.95803713,0
"924",928,1542077.44881828,0
"925",929,1542778.15988172,0
"926",930,1543010.11212053,0
"927",931,1542077.21552088,0
"928",932,1542059.68712855,0
"929",933,1545689.58177007,0
"930",934,1546012.21537758,0
"931",935,1546227.76740831,0
"932",936,1546388.11704789,0
"933",937,1550468.29371825,0
"934",938,1552096.71894553,0
"935",939,1552749.56573226,0
"936",940,1554259.04522465,0
"937",941,1554641.57303553,0
"938",942,1555894.75517146,0
"939",943,1555777.44520036,0
"940",944,1557351.33942942,0
"941",945,1559350.48188319,0
"942",946,1559332.25987271,0
"943",947,1556852.28594416,0
"944",948,1557356.10638495,0
"945",949,1558421.07087162,0
"946",950,1558412.97313619,0
"947",951,1559618.51571019,0
"948",952,1559891.01948037,0
"949",953,1560491.24644439,0
"950",954,1580698.83378154,0
"951",955,1580482.62998682,0
"952",956,1580965.65493613,0
"953",957,1585772.54868896,0
"954",958,1585986.07577958,0
"955",959,1586837.60250288,0
"956",960,1591012.33258679,0
"957",961,1597295.18567492,0
"958",962,1597460.23835726,0
"959",963,1598542.16626298,0
"960",964,1598531.89128931,0
"961",965,1598517.70502268,0
"962",966,1598958.32207354,0
"963",967,1604282.68011567,0
"964",968,1604273.26793637,0
"965",969,1604442.01064845,0
"966",970,1604222.67162893,0
"967",971,1603944.97506131,0
"968",972,1603929.37862255,0
"969",973,1604901.5573948,0
"970",974,1605553.54052984,0
"971",975,1606143.06015011,0
"972",976,1607380.56595596,0
"973",977,1607709.29084525,0
"974",978,1607052.72607138,0
"975",979,1606818.77817376,0
"976",980,1607113.78718468,0
"977",981,1607265.01178953,0
"978",982,1608835.11701111,0
"979",983,1609478.37697354,0
"980",984,1609614.82520257,0
"981",985,1609605.21764274,0
"982",986,1609604.79151202,0
"983",987,1610045.60958697,0
"984",988,1609994.95487803,0
"985",989,1609950.07580232,0
"986",990,1609901.67734815,0
"987",991,1614034.12123523,0
"988",992,1615378.60834408,0
"989",993,1615508.05907936,0
"990",994,1615812.17225917,0
"991",995,1615959.21806061,0
"992",996,1616398.81584327,0
"993",997,1617054.37960738,0
"994",998,1622844.86175953,0
"995",999,1622826.76272665,0
"996",1000,1622404.06815323,0
